depth,load,est,total,abs,rel
1,8.39333e-05,1.41854e-08,-0.666667,72.7254,2.32956
2,9.406e-05,1.42362e-08,-0.111111,-55.3857,1.02903
3,0.000133532,1.74627e-08,-0.333333,196.778,0.184933
4,0.00017285,2.10952e-08,-0.222222,116.222,0.0866749
5,0.000194576,2.17631e-08,-0.111111,94.3333,0.0696788
