Depth,Load time (s),Estimate time (s),Total error,Absolute error,Relative error (%)
1,8.29233e-05,1.41933e-08,-0.666667,72.7254,2.32956
2,9.83118e-05,1.43763e-08,-0.111111,-55.3857,1.02903
3,0.000131812,1.80835e-08,-0.333333,196.778,0.184933
4,0.000173769,2.01739e-08,-0.222222,116.222,0.0866749
5,0.000193316,2.08638e-08,-0.111111,94.3333,0.0696788
