Tree depth;Evarage load time;Everage estimate time;everage errors;everage obsolute errors;everage relative errors
1;0.000114296;5.5189e-09;3271;3271;14.5541
2;0.000153396;1.11768e-08;-974;1054;0.3333
3;0.000213166;1.85971e-08;155;1042;3.8885
4;0.000240366;1.59999e-08;-971;1052;0.3333
5;0.000273832;1.6742e-08;-371;907;2.1109
