Depth,Load Time,Estimate Time,Error,Absolute Error,Relative Error
1,8.2025e-05,1.51e-08,-0.6666,502.172,2.32932
2,0.000145573,2.455e-08,-0.1111,374.074,1.02893
3,0.000185778,2.316e-08,-0.3333,196.758,0.184915
4,0.000213343,2.874e-08,-0.2222,116.211,0.0866663
5,0.000268996,2.825e-08,-0.1111,94.3239,0.0696719
